start,end,strand,locus_tag,protein_id,product,function
595,1062,-1,ESKpn_CDS0002,YCJ05049.1,single strand DNA binding protein,"DNA, RNA and nucleotide metabolism"
1092,1748,-1,ESKpn_CDS0003,YCJ05050.1,Erf-like ssDNA annealing protein,"DNA, RNA and nucleotide metabolism"
1808,2854,-1,ESKpn_CDS0004,YCJ05051.1,exonuclease VIII,"DNA, RNA and nucleotide metabolism"
3350,4273,-1,ESKpn_CDS0005,YCJ05052.1,DNA primase,"DNA, RNA and nucleotide metabolism"
4385,4786,-1,ESKpn_CDS0006,YCJ05053.1,transcriptional regulator,transcription regulation
4833,6911,1,ESKpn_CDS0007,YCJ05054.1,hypothetical protein,Unknown function
6989,7318,1,ESKpn_CDS0008,YCJ05055.1,hypothetical protein,Unknown function
7392,7670,1,ESKpn_CDS0009,YCJ05056.1,hypothetical protein,Unknown function
7673,8404,1,ESKpn_CDS0010,YCJ05057.1,DNA methyltransferase,DNA modification and Host Defense
8408,8644,1,ESKpn_CDS0011,YCJ05058.1,hypothetical protein,Unknown function
8709,8945,1,ESKpn_CDS0012,YCJ05059.1,hypothetical protein,Unknown function
8942,9193,1,ESKpn_CDS0013,YCJ05060.1,hypothetical protein,Unknown function
9289,10419,1,ESKpn_CDS0014,YCJ05061.1,DNA repair exonuclease,"DNA, RNA and nucleotide metabolism"
10457,10945,1,ESKpn_CDS0015,YCJ05062.1,polynucleotide kinase,Unknown function
10942,11523,1,ESKpn_CDS0016,YCJ05063.1,deoxynucleoside monophosphate kinase,Unknown function
11650,11865,1,ESKpn_CDS0017,YCJ05064.1,holin,lysis
11867,12349,1,ESKpn_CDS0018,YCJ05065.1,endolysin,lysis
12346,12771,1,ESKpn_CDS0019,YCJ05066.1,Rz-like spanin,lysis
12841,13302,-1,ESKpn_CDS0020,YCJ05067.1,hypothetical protein,Unknown function
13306,14874,-1,ESKpn_CDS0021,YCJ05068.1,DNA helicase,"DNA, RNA and nucleotide metabolism"
15000,15437,-1,ESKpn_CDS0022,YCJ05069.1,hypothetical protein,Unknown function
15438,15620,-1,ESKpn_CDS0023,YCJ05070.1,hypothetical protein,Unknown function
15617,15820,-1,ESKpn_CDS0024,YCJ05071.1,membrane protein,moron
15894,16586,-1,ESKpn_CDS0025,YCJ05072.1,DNA methyltransferase,DNA modification and Host Defense
16583,16810,-1,ESKpn_CDS0026,YCJ05073.1,hypothetical protein,Unknown function
17575,17958,-1,ESKpn_CDS0027,YCJ05074.1,hypothetical protein,Unknown function
17958,18197,-1,ESKpn_CDS0028,YCJ05075.1,hypothetical protein,Unknown function
18194,18388,-1,ESKpn_CDS0029,YCJ05076.1,hypothetical protein,Unknown function
18461,18724,-1,ESKpn_CDS0030,YCJ05077.1,hypothetical protein,Unknown function
18832,19314,-1,ESKpn_CDS0031,YCJ05078.1,hypothetical protein,Unknown function
19701,19919,1,ESKpn_CDS0032,YCJ05079.1,hypothetical protein,Unknown function
19935,20033,1,ESKpn_CDS0033,YCJ05080.1,hypothetical protein,Unknown function
20194,20778,1,ESKpn_CDS0034,YCJ05081.1,hypothetical protein,Unknown function
21040,21153,1,ESKpn_CDS0035,YCJ05082.1,hypothetical protein,Unknown function
21717,21941,1,ESKpn_CDS0036,YCJ05083.1,hypothetical protein,Unknown function
22010,22222,1,ESKpn_CDS0037,YCJ05084.1,transcriptional regulator,transcription regulation
22233,22553,1,ESKpn_CDS0038,YCJ05085.1,hypothetical protein,Unknown function
22623,22994,1,ESKpn_CDS0039,YCJ05086.1,hypothetical protein,Unknown function
23004,23306,1,ESKpn_CDS0040,YCJ05087.1,hypothetical protein,Unknown function
23306,23551,1,ESKpn_CDS0041,YCJ05088.1,hypothetical protein,Unknown function
23548,23733,1,ESKpn_CDS0042,YCJ05089.1,hypothetical protein,Unknown function
23813,24031,1,ESKpn_CDS0043,YCJ05090.1,hypothetical protein,Unknown function
24031,24519,1,ESKpn_CDS0044,YCJ05091.1,hypothetical protein,Unknown function
24815,25093,1,ESKpn_CDS0045,YCJ05092.1,hypothetical protein,Unknown function
25126,25350,1,ESKpn_CDS0046,YCJ05093.1,hypothetical protein,Unknown function
25462,25674,1,ESKpn_CDS0047,YCJ05094.1,hypothetical protein,Unknown function
25671,26246,1,ESKpn_CDS0048,YCJ05095.1,hypothetical protein,Unknown function
26316,26552,1,ESKpn_CDS0049,YCJ05096.1,hypothetical protein,Unknown function
26525,26773,1,ESKpn_CDS0050,YCJ05097.1,hypothetical protein,Unknown function
26900,27088,1,ESKpn_CDS0051,YCJ05098.1,hypothetical protein,Unknown function
27088,27351,1,ESKpn_CDS0052,YCJ05099.1,hypothetical protein,Unknown function
27429,27953,1,ESKpn_CDS0053,YCJ05100.1,terminase small subunit,head and packaging
27963,29567,1,ESKpn_CDS0054,YCJ05101.1,terminase large subunit,head and packaging
29613,30923,1,ESKpn_CDS0055,YCJ05102.1,hypothetical protein,Unknown function
30910,31680,1,ESKpn_CDS0056,YCJ05103.1,head morphogenesis protein,head and packaging
31677,32810,1,ESKpn_CDS0057,YCJ05104.1,head maturation protease,head and packaging
33496,34455,1,ESKpn_CDS0058,YCJ05105.1,major head protein,head and packaging
34547,34852,1,ESKpn_CDS0059,YCJ05106.1,hypothetical protein,Unknown function
34906,35322,1,ESKpn_CDS0060,YCJ05107.1,virion structural protein,head and packaging
35328,35705,1,ESKpn_CDS0061,YCJ05108.1,head closure Hc1,connector
35698,36135,1,ESKpn_CDS0062,YCJ05109.1,tail completion or Neck1 protein,connector
36050,36556,1,ESKpn_CDS0063,YCJ05110.1,tail terminator,connector
36650,37306,1,ESKpn_CDS0064,YCJ05111.1,major tail protein,tail
37383,37709,1,ESKpn_CDS0065,YCJ05112.1,tail length tape measure protein,tail
37788,37883,1,ESKpn_CDS0066,YCJ05113.1,hypothetical protein,Unknown function
37856,38023,1,ESKpn_CDS0067,YCJ05114.1,tail length tape measure protein,tail
38060,41029,1,ESKpn_CDS0068,YCJ05115.1,tail length tape measure protein,tail
41032,41376,1,ESKpn_CDS0069,YCJ05116.1,minor tail protein,tail
41447,42199,1,ESKpn_CDS0070,YCJ05117.1,minor tail protein,tail
42201,42938,1,ESKpn_CDS0071,YCJ05118.1,minor tail protein,tail
42913,43515,1,ESKpn_CDS0072,YCJ05119.1,tail protein,tail
43603,47304,1,ESKpn_CDS0073,YCJ05120.1,tail protein,tail
